{"eval_acc": 0.5074626865671642, "train_acc": 0.5010779180782261, "_runtime": 37, "_timestamp": 1635115920, "_step": 167, "loss": 1.544294834136963, "_wandb": {"runtime": 38}}