{"eval_acc": 0.822, "train_acc": 0.8497593638836577, "_runtime": 127, "_timestamp": 1635116115, "_step": 755, "loss": 0.4675861597061157, "_wandb": {"runtime": 129}}